Account_ID,Gender,Age,Marital_Status,Account_Activity,EmployedMoreThan12Mo,Claim_12Mo,Accident_36Mo,Ticket_12Mo,Payment_Method,Insurance Category
9552,M,21,M,High,Yes,No,No,Yes,Bank Transfer,Do Not Insure
6757,M,55,M,Moderate,Yes,Yes,No,Yes,Bank Transfer,Insure-Best Terms
3599,F,53,M,High,Yes,No,No,No,Bank Transfer,Insure-Risk Terms
6811,M,33,M,High,Yes,No,No,No,Web Payment,Insure-Risk Terms
4104,M,53,S,High,Yes,No,No,Yes,Web Payment,Do Not Insure
7226,M,22,S,High,No,No,No,No,Credit Card,Insure-High Premium
7814,F,29,S,Moderate,Yes,Yes,No,No,Bank Transfer,Insure-Risk Terms
4693,F,19,S,High,Yes,No,No,Yes,Bank Transfer,Do Not Insure
7266,M,36,M,Moderate,Yes,No,No,No,Monthly Billing,Insure-Best Terms
5259,F,57,S,High,Yes,No,No,Yes,Web Payment,Insure-High Premium
7417,F,42,M,Moderate,Yes,No,Yes,No,Web Payment,Insure-Best Terms
6795,M,53,S,High,Yes,No,No,No,Credit Card,Insure-Risk Terms
8669,F,33,S,High,Yes,No,No,Yes,Monthly Billing,Do Not Insure
9888,M,41,M,Moderate,Yes,No,No,No,Credit Card,Insure-Best Terms
9181,F,35,S,Moderate,Yes,Yes,Yes,No,Bank Transfer,Insure-Best Terms
2792,F,39,M,High,Yes,No,No,Yes,Bank Transfer,Do Not Insure
5174,M,19,M,High,Yes,No,No,No,Bank Transfer,Insure-Risk Terms
8702,F,45,M,Moderate,No,No,No,No,Monthly Billing,Insure-Risk Terms
4318,M,50,S,High,Yes,No,No,Yes,Credit Card,Insure-High Premium
6091,M,34,M,High,No,Yes,Yes,Yes,Credit Card,Do Not Insure
8380,F,25,M,High,Yes,Yes,No,No,Monthly Billing,Insure-Risk Terms
6892,M,46,M,High,Yes,No,No,Yes,Bank Transfer,Insure-High Premium
7976,F,27,S,High,Yes,Yes,Yes,Yes,Bank Transfer,Do Not Insure
7214,F,32,S,High,Yes,No,No,Yes,Bank Transfer,Do Not Insure
3369,F,34,S,High,Yes,No,Yes,Yes,Web Payment,Do Not Insure
1645,F,49,S,Moderate,Yes,No,No,No,Bank Transfer,Insure-Best Terms
2866,F,60,S,High,Yes,Yes,Yes,No,Bank Transfer,Insure-Risk Terms
7014,F,61,M,High,Yes,No,Yes,No,Bank Transfer,Insure-Risk Terms
6177,M,33,M,High,Yes,Yes,No,Yes,Monthly Billing,Do Not Insure
6199,M,35,M,High,Yes,No,No,No,Monthly Billing,Insure-Risk Terms
4787,M,61,M,High,No,No,No,No,Bank Transfer,Insure-Risk Terms
1720,F,34,M,High,Yes,Yes,No,No,Credit Card,Insure-High Premium
7763,F,27,S,Moderate,Yes,No,No,Yes,Credit Card,Insure-High Premium
7356,M,45,S,High,Yes,Yes,No,Yes,Credit Card,Insure-High Premium
6916,M,46,M,High,Yes,Yes,Yes,Yes,Web Payment,Do Not Insure
2979,F,63,M,High,No,Yes,No,No,Bank Transfer,Insure-Best Terms
1328,M,60,S,High,Yes,Yes,Yes,Yes,Web Payment,Insure-High Premium
7817,M,37,S,High,Yes,No,No,Yes,Web Payment,Do Not Insure
4937,F,36,M,Moderate,Yes,Yes,No,No,Bank Transfer,Insure-Best Terms
3879,F,38,M,High,Yes,No,No,Yes,Bank Transfer,Do Not Insure
1757,F,27,M,High,Yes,Yes,No,No,Monthly Billing,Insure-Risk Terms
9651,M,51,M,High,Yes,Yes,No,Yes,Web Payment,Do Not Insure
8096,F,64,S,High,Yes,Yes,No,Yes,Web Payment,Insure-High Premium
5575,F,37,S,High,No,No,No,Yes,Bank Transfer,Do Not Insure
7793,F,59,M,High,Yes,Yes,No,No,Bank Transfer,Insure-Best Terms
4423,F,20,S,High,Yes,Yes,No,Yes,Web Payment,Do Not Insure
7117,F,36,M,High,Yes,Yes,No,No,Bank Transfer,Insure-Risk Terms
6974,M,20,M,High,Yes,No,No,Yes,Web Payment,Do Not Insure
5928,M,17,M,High,Yes,No,Yes,Yes,Bank Transfer,Do Not Insure
6415,F,57,M,High,Yes,Yes,No,No,Monthly Billing,Insure-Risk Terms
3505,M,34,S,High,Yes,No,Yes,Yes,Monthly Billing,Do Not Insure
5108,F,22,M,Low,Yes,No,No,No,Monthly Billing,Insure-Risk Terms
9895,F,24,M,Low,Yes,Yes,No,Yes,Bank Transfer,Insure-Risk Terms
2670,F,23,M,Moderate,Yes,No,No,No,Monthly Billing,Insure-Risk Terms
8231,M,26,M,High,Yes,No,No,No,Bank Transfer,Insure-Risk Terms
5429,M,46,M,High,Yes,No,No,Yes,Web Payment,Do Not Insure
8951,F,34,S,High,No,Yes,No,No,Bank Transfer,Insure-High Premium
7488,F,60,S,High,Yes,Yes,No,Yes,Bank Transfer,Insure-High Premium
3514,M,27,S,Moderate,Yes,Yes,No,Yes,Bank Transfer,Insure-High Premium
4303,F,64,S,High,Yes,No,No,No,Web Payment,Insure-Best Terms
9547,F,19,M,Low,Yes,No,No,Yes,Bank Transfer,Insure-Risk Terms
5666,F,60,M,Moderate,Yes,No,No,Yes,Web Payment,Insure-Risk Terms
3960,F,45,M,Moderate,Yes,Yes,No,Yes,Bank Transfer,Insure-Risk Terms
4177,M,63,S,Moderate,Yes,Yes,No,Yes,Web Payment,Insure-Risk Terms
4838,F,29,S,High,Yes,Yes,No,Yes,Monthly Billing,Do Not Insure
9939,M,45,M,Moderate,Yes,Yes,Yes,Yes,Web Payment,Insure-Risk Terms
2586,M,58,S,High,Yes,Yes,No,Yes,Bank Transfer,Insure-High Premium
7688,M,16,S,Moderate,Yes,No,Yes,Yes,Bank Transfer,Insure-High Premium
3243,M,37,M,High,Yes,Yes,No,No,Bank Transfer,Insure-Risk Terms
1153,M,65,S,High,Yes,Yes,No,No,Web Payment,Insure-Risk Terms
1596,F,32,M,Low,Yes,Yes,No,Yes,Web Payment,Insure-Risk Terms
6775,F,32,M,High,Yes,No,No,Yes,Bank Transfer,Do Not Insure
5524,M,59,M,High,Yes,Yes,No,Yes,Web Payment,Insure-High Premium
9092,F,33,S,High,Yes,No,No,Yes,Bank Transfer,Do Not Insure
4850,M,19,M,Moderate,Yes,No,Yes,Yes,Bank Transfer,Insure-High Premium
9058,F,65,M,High,Yes,Yes,No,Yes,Web Payment,Insure-High Premium
4766,F,55,S,High,Yes,No,No,Yes,Credit Card,Insure-High Premium
3170,M,20,M,High,Yes,Yes,No,Yes,Web Payment,Do Not Insure
1858,F,26,M,Moderate,Yes,No,No,Yes,Credit Card,Insure-High Premium
9327,M,55,S,High,Yes,Yes,No,No,Monthly Billing,Insure-Risk Terms
9252,M,34,M,High,Yes,No,No,Yes,Credit Card,Do Not Insure
5071,M,46,S,High,No,Yes,No,No,Bank Transfer,Insure-High Premium
7333,F,41,M,Moderate,Yes,No,Yes,No,Web Payment,Insure-Best Terms
8184,M,45,M,Moderate,Yes,No,Yes,Yes,Bank Transfer,Insure-Risk Terms
4148,M,55,M,High,No,No,No,Yes,Web Payment,Do Not Insure
8747,F,56,M,Moderate,Yes,Yes,No,Yes,Web Payment,Insure-Risk Terms
9201,F,41,M,High,Yes,Yes,No,Yes,Bank Transfer,Insure-High Premium
7500,F,38,M,Moderate,No,Yes,No,No,Web Payment,Insure-Risk Terms
8666,M,47,M,High,Yes,No,No,No,Web Payment,Insure-Risk Terms
6498,F,21,M,High,Yes,No,No,Yes,Bank Transfer,Do Not Insure
6014,F,65,M,High,Yes,No,No,Yes,Bank Transfer,Insure-High Premium
3377,F,63,S,High,Yes,Yes,No,No,Web Payment,Insure-Risk Terms
7464,F,23,S,High,Yes,No,No,Yes,Bank Transfer,Do Not Insure
8105,F,58,M,Moderate,Yes,Yes,No,Yes,Credit Card,Insure-Best Terms
8524,M,51,M,High,Yes,No,No,No,Bank Transfer,Insure-Best Terms
8653,F,39,S,High,Yes,No,Yes,No,Credit Card,Insure-Risk Terms
2428,M,44,M,High,Yes,Yes,No,Yes,Credit Card,Insure-High Premium
4150,M,23,M,High,Yes,Yes,No,Yes,Web Payment,Do Not Insure
1798,M,46,S,Moderate,Yes,Yes,No,No,Bank Transfer,Insure-Best Terms
6210,M,43,M,High,Yes,Yes,No,No,Bank Transfer,Insure-Risk Terms
5223,M,41,S,High,Yes,No,No,Yes,Bank Transfer,Insure-High Premium
4592,F,20,M,Moderate,Yes,No,No,No,Credit Card,Insure-Risk Terms
2453,F,41,S,High,No,Yes,No,Yes,Bank Transfer,Insure-High Premium
2688,F,28,S,Moderate,Yes,Yes,No,Yes,Web Payment,Insure-High Premium
1415,F,59,M,High,Yes,No,No,Yes,Monthly Billing,Insure-High Premium
3171,M,33,S,Moderate,Yes,No,No,No,Web Payment,Insure-Risk Terms
2296,F,23,M,Moderate,Yes,No,No,No,Bank Transfer,Insure-Best Terms
6745,F,43,M,Moderate,Yes,Yes,Yes,No,Web Payment,Insure-Best Terms
8701,F,22,M,High,Yes,Yes,No,No,Web Payment,Insure-Risk Terms
6413,F,34,M,Moderate,Yes,No,No,Yes,Web Payment,Insure-High Premium
2045,M,53,M,High,No,Yes,No,Yes,Bank Transfer,Insure-High Premium
8749,M,60,S,High,Yes,No,No,Yes,Bank Transfer,Insure-High Premium
6097,F,38,M,High,Yes,No,No,No,Web Payment,Insure-High Premium
6058,M,46,M,High,No,Yes,No,Yes,Bank Transfer,Insure-High Premium
4491,F,39,M,Low,Yes,Yes,No,Yes,Bank Transfer,Insure-Best Terms
3056,M,44,M,High,Yes,Yes,No,No,Web Payment,Insure-High Premium
4006,F,26,M,High,Yes,No,Yes,No,Bank Transfer,Insure-High Premium
9726,F,41,M,High,Yes,No,Yes,Yes,Bank Transfer,Insure-High Premium
6439,F,54,S,High,No,No,No,Yes,Monthly Billing,Do Not Insure
5860,M,45,M,Moderate,Yes,No,No,Yes,Bank Transfer,Insure-Risk Terms
1601,F,44,S,High,Yes,No,No,No,Bank Transfer,Insure-High Premium
4684,F,30,M,High,Yes,No,Yes,No,Credit Card,Insure-Risk Terms
9643,F,41,S,High,Yes,Yes,No,Yes,Bank Transfer,Insure-High Premium
9974,M,44,M,Moderate,Yes,No,No,No,Web Payment,Insure-Best Terms
2408,M,41,M,High,Yes,No,No,Yes,Credit Card,Insure-High Premium
7309,F,62,M,High,Yes,Yes,No,No,Credit Card,Insure-Risk Terms
2528,M,36,M,High,Yes,Yes,No,No,Bank Transfer,Insure-Risk Terms
2097,F,32,M,Moderate,Yes,Yes,No,No,Credit Card,Insure-Best Terms
4747,F,55,M,High,Yes,No,No,Yes,Web Payment,Do Not Insure
9845,M,20,S,Moderate,Yes,Yes,No,No,Credit Card,Insure-Best Terms
4995,M,28,M,Moderate,Yes,Yes,Yes,No,Bank Transfer,Insure-Best Terms
4166,F,50,M,High,No,No,No,No,Monthly Billing,Insure-Risk Terms
1110,M,37,M,High,Yes,Yes,Yes,No,Web Payment,Insure-Risk Terms
2963,F,21,S,High,No,Yes,No,No,Credit Card,Insure-High Premium
2908,F,37,M,Low,Yes,Yes,Yes,Yes,Bank Transfer,Insure-Best Terms
6587,F,51,M,High,Yes,No,Yes,Yes,Credit Card,Insure-High Premium
2392,M,44,S,Moderate,Yes,No,Yes,Yes,Credit Card,Insure-Risk Terms
4277,F,66,M,Moderate,Yes,No,No,Yes,Web Payment,Insure-Risk Terms
1438,F,32,M,High,Yes,Yes,No,No,Web Payment,Insure-High Premium
8813,M,39,S,High,Yes,No,No,Yes,Bank Transfer,Do Not Insure
9461,F,32,S,High,Yes,Yes,Yes,Yes,Credit Card,Do Not Insure
6695,M,24,S,Moderate,Yes,Yes,No,Yes,Credit Card,Insure-High Premium
9716,M,57,S,Moderate,Yes,No,No,Yes,Web Payment,Insure-Risk Terms
3873,M,28,S,Low,Yes,No,No,No,Monthly Billing,Insure-Best Terms
3027,M,63,M,Moderate,Yes,No,No,Yes,Web Payment,Insure-Risk Terms
1588,F,17,M,High,Yes,Yes,Yes,No,Web Payment,Insure-High Premium
9793,F,27,M,Moderate,Yes,No,Yes,No,Web Payment,Insure-Risk Terms
7481,M,64,M,High,Yes,No,No,Yes,Bank Transfer,Insure-High Premium
8002,F,27,S,Moderate,Yes,Yes,No,No,Web Payment,Insure-High Premium
7615,M,26,S,High,Yes,Yes,No,Yes,Bank Transfer,Do Not Insure
3715,M,56,M,High,Yes,Yes,No,No,Bank Transfer,Insure-Best Terms
3518,F,60,S,High,Yes,No,No,Yes,Bank Transfer,Insure-High Premium
1388,F,23,M,High,Yes,No,No,No,Bank Transfer,Insure-High Premium
4833,F,42,S,High,Yes,No,Yes,Yes,Web Payment,Do Not Insure
7365,M,58,M,Moderate,Yes,Yes,No,Yes,Credit Card,Insure-Best Terms
8431,F,23,M,High,Yes,Yes,Yes,Yes,Web Payment,Do Not Insure
8722,M,49,M,High,Yes,No,Yes,Yes,Credit Card,Insure-High Premium
3712,M,26,M,Low,Yes,Yes,No,No,Web Payment,Insure-Best Terms
1530,M,16,M,High,Yes,Yes,No,No,Bank Transfer,Insure-High Premium
9492,M,22,M,Moderate,Yes,No,No,No,Bank Transfer,Insure-Risk Terms
3432,M,45,S,High,No,No,No,No,Web Payment,Insure-Risk Terms
3793,M,27,M,High,Yes,Yes,No,No,Bank Transfer,Insure-High Premium
3235,M,37,S,Moderate,No,Yes,Yes,Yes,Web Payment,Insure-High Premium
1654,M,47,S,High,Yes,Yes,No,Yes,Bank Transfer,Insure-High Premium
6147,F,50,M,Low,Yes,No,Yes,Yes,Monthly Billing,Insure-Best Terms
6266,M,29,S,High,Yes,Yes,No,Yes,Web Payment,Do Not Insure
9303,F,48,S,High,Yes,Yes,No,Yes,Bank Transfer,Insure-High Premium
3777,F,34,S,High,Yes,No,Yes,No,Monthly Billing,Insure-Risk Terms
5379,M,17,S,Moderate,Yes,Yes,Yes,No,Credit Card,Insure-Best Terms
2181,F,29,S,Moderate,Yes,No,Yes,Yes,Bank Transfer,Insure-Risk Terms
9114,M,18,S,High,Yes,Yes,No,No,Bank Transfer,Insure-Risk Terms
2983,F,32,M,Moderate,Yes,No,Yes,Yes,Bank Transfer,Insure-Risk Terms
4228,M,39,S,High,Yes,No,No,Yes,Web Payment,Do Not Insure
6633,M,49,M,High,Yes,Yes,No,Yes,Monthly Billing,Do Not Insure
1181,F,29,S,High,Yes,Yes,No,Yes,Web Payment,Do Not Insure
2636,M,47,M,Moderate,Yes,No,No,Yes,Bank Transfer,Insure-Risk Terms
7666,M,32,M,High,Yes,Yes,Yes,No,Credit Card,Insure-Risk Terms
4393,F,53,S,High,Yes,Yes,No,Yes,Web Payment,Do Not Insure
4897,M,48,S,Moderate,Yes,Yes,No,No,Web Payment,Insure-Best Terms
1042,M,19,M,High,Yes,No,No,No,Web Payment,Insure-High Premium
2525,F,42,M,High,Yes,Yes,No,Yes,Bank Transfer,Insure-High Premium
9829,F,56,M,High,Yes,No,No,Yes,Bank Transfer,Insure-High Premium
8960,M,54,M,High,Yes,Yes,No,No,Web Payment,Insure-High Premium
9310,M,28,S,Moderate,Yes,No,No,Yes,Credit Card,Insure-High Premium
6118,F,21,M,Moderate,Yes,No,No,Yes,Monthly Billing,Insure-High Premium
9396,M,53,S,High,Yes,Yes,No,Yes,Web Payment,Do Not Insure
6813,F,19,M,High,Yes,Yes,No,Yes,Web Payment,Do Not Insure
4673,F,31,M,High,Yes,No,No,Yes,Bank Transfer,Do Not Insure
6696,F,18,M,Moderate,Yes,Yes,Yes,Yes,Web Payment,Do Not Insure
2289,F,33,S,High,Yes,No,No,No,Bank Transfer,Insure-Risk Terms
2785,M,48,S,High,Yes,Yes,No,No,Bank Transfer,Insure-Risk Terms
9067,M,48,M,High,Yes,Yes,No,No,Web Payment,Insure-Risk Terms
4420,F,54,M,High,Yes,Yes,No,No,Bank Transfer,Insure-Risk Terms
9389,M,37,S,Moderate,Yes,No,No,Yes,Web Payment,Insure-High Premium
4662,M,25,S,High,Yes,Yes,No,Yes,Bank Transfer,Do Not Insure
3489,F,21,M,High,Yes,No,No,Yes,Web Payment,Do Not Insure
6071,M,18,M,High,Yes,Yes,Yes,Yes,Bank Transfer,Do Not Insure
5758,M,16,M,Moderate,Yes,No,No,Yes,Bank Transfer,Insure-High Premium
3126,M,59,M,Moderate,Yes,Yes,No,Yes,Web Payment,Insure-Risk Terms
5976,M,39,S,High,Yes,No,No,No,Bank Transfer,Insure-Risk Terms
4554,M,53,M,Moderate,Yes,Yes,No,Yes,Bank Transfer,Insure-Risk Terms
9769,F,36,S,Moderate,Yes,No,No,Yes,Bank Transfer,Insure-Risk Terms
3953,M,36,S,High,Yes,Yes,No,No,Web Payment,Insure-Risk Terms
1886,M,36,S,Low,Yes,Yes,Yes,Yes,Web Payment,Insure-Risk Terms
9770,M,25,S,High,Yes,No,No,No,Bank Transfer,Insure-Risk Terms
8160,M,39,S,High,Yes,No,No,No,Web Payment,Insure-High Premium
5811,F,36,S,High,Yes,Yes,No,No,Monthly Billing,Insure-High Premium
8807,M,52,M,High,Yes,No,No,No,Web Payment,Insure-Risk Terms
3500,M,24,S,High,Yes,Yes,No,Yes,Web Payment,Do Not Insure
1774,M,18,M,High,Yes,Yes,No,Yes,Credit Card,Do Not Insure
9284,M,60,S,High,Yes,Yes,No,Yes,Bank Transfer,Insure-High Premium
4298,F,46,S,Low,Yes,Yes,No,Yes,Web Payment,Insure-Best Terms
9317,F,21,M,Low,Yes,Yes,Yes,Yes,Monthly Billing,Insure-High Premium
9415,F,61,S,High,Yes,Yes,Yes,Yes,Credit Card,Insure-High Premium
5955,M,42,M,High,Yes,No,No,No,Bank Transfer,Insure-Risk Terms
4671,M,31,S,Moderate,Yes,Yes,No,No,Web Payment,Insure-Risk Terms
6214,F,18,S,High,Yes,Yes,No,No,Web Payment,Do Not Insure
4168,F,38,S,High,Yes,Yes,No,Yes,Monthly Billing,Do Not Insure
2791,F,18,M,Low,No,No,Yes,No,Web Payment,Insure-Best Terms
1303,M,41,S,High,Yes,No,No,Yes,Bank Transfer,Insure-High Premium
3245,F,32,S,High,Yes,Yes,Yes,Yes,Web Payment,Do Not Insure
1555,F,30,S,High,Yes,No,No,Yes,Credit Card,Do Not Insure
2498,M,20,M,High,Yes,Yes,No,Yes,Web Payment,Do Not Insure
2197,F,22,M,High,Yes,No,No,No,Monthly Billing,Do Not Insure
2132,M,36,M,Moderate,Yes,Yes,No,Yes,Credit Card,Insure-Risk Terms
7407,M,36,M,High,Yes,No,No,No,Monthly Billing,Insure-High Premium
5902,M,65,M,High,Yes,No,No,No,Web Payment,Insure-High Premium
8029,F,54,M,High,Yes,Yes,No,Yes,Monthly Billing,Do Not Insure
6765,M,41,S,High,Yes,Yes,Yes,No,Bank Transfer,Insure-Risk Terms
4448,M,39,M,Low,Yes,No,Yes,No,Web Payment,Insure-Best Terms
3981,F,49,S,High,Yes,No,No,Yes,Web Payment,Do Not Insure
7796,M,38,M,Moderate,Yes,No,No,No,Web Payment,Insure-Risk Terms
1670,M,34,M,Low,Yes,No,No,Yes,Bank Transfer,Insure-Best Terms
5464,F,44,S,Moderate,Yes,No,No,No,Bank Transfer,Insure-Best Terms
2186,M,25,M,Low,Yes,Yes,No,Yes,Web Payment,Insure-Risk Terms
4217,M,37,S,High,Yes,Yes,No,Yes,Credit Card,Do Not Insure
7734,M,50,S,High,Yes,No,No,No,Bank Transfer,Insure-Risk Terms
6589,M,31,M,High,Yes,No,No,Yes,Web Payment,Do Not Insure
1367,F,42,M,Moderate,Yes,No,No,No,Web Payment,Insure-Best Terms
6276,F,19,M,Low,No,No,Yes,No,Web Payment,Insure-Best Terms
1807,F,32,S,High,Yes,No,Yes,No,Bank Transfer,Insure-Risk Terms
6206,M,66,M,High,Yes,Yes,No,Yes,Credit Card,Insure-High Premium
2848,F,33,M,High,Yes,Yes,No,Yes,Bank Transfer,Do Not Insure
3477,F,37,M,Moderate,Yes,No,No,No,Bank Transfer,Insure-Best Terms
1337,F,20,M,Moderate,No,No,No,Yes,Bank Transfer,Insure-High Premium
1732,M,21,M,High,Yes,No,No,Yes,Monthly Billing,Do Not Insure
6141,M,35,S,Moderate,Yes,Yes,Yes,No,Credit Card,Insure-Best Terms
5800,M,38,M,Moderate,Yes,Yes,Yes,Yes,Credit Card,Insure-Risk Terms
8820,F,36,S,High,Yes,No,Yes,Yes,Bank Transfer,Do Not Insure
3647,M,56,M,Moderate,Yes,No,No,Yes,Web Payment,Insure-Risk Terms
8662,F,47,S,Moderate,Yes,No,Yes,Yes,Web Payment,Insure-Risk Terms
8623,F,53,S,High,Yes,Yes,No,Yes,Web Payment,Do Not Insure
2791,F,33,M,Moderate,No,No,No,Yes,Credit Card,Insure-Risk Terms
8249,F,26,S,High,Yes,Yes,No,Yes,Web Payment,Do Not Insure
4302,F,60,M,Moderate,Yes,No,No,Yes,Credit Card,Insure-Best Terms
3209,F,34,M,High,Yes,No,No,Yes,Bank Transfer,Do Not Insure
8345,M,38,S,Moderate,Yes,Yes,No,Yes,Web Payment,Insure-High Premium
8014,F,35,S,High,Yes,No,Yes,No,Credit Card,Insure-Risk Terms
4169,F,29,S,High,Yes,Yes,No,No,Credit Card,Insure-High Premium
6180,F,29,M,High,Yes,Yes,No,No,Web Payment,Insure-Risk Terms
2619,M,60,M,High,Yes,Yes,Yes,Yes,Monthly Billing,Insure-High Premium
9767,F,48,S,Moderate,Yes,No,No,Yes,Web Payment,Insure-Risk Terms
2765,M,63,M,Moderate,Yes,No,No,No,Web Payment,Insure-Best Terms
9202,M,58,M,Moderate,Yes,Yes,No,Yes,Bank Transfer,Insure-Best Terms
9899,M,28,M,High,Yes,Yes,No,No,Web Payment,Insure-High Premium
1645,M,41,M,High,Yes,No,No,Yes,Web Payment,Do Not Insure
7708,M,17,S,Moderate,Yes,No,No,No,Credit Card,Insure-Best Terms
9232,M,26,S,High,Yes,Yes,No,No,Bank Transfer,Insure-High Premium
7751,F,26,S,Moderate,Yes,Yes,Yes,No,Web Payment,Insure-Risk Terms
9885,M,61,S,High,Yes,No,No,Yes,Bank Transfer,Insure-High Premium
9553,M,25,S,Moderate,Yes,No,No,No,Bank Transfer,Insure-Risk Terms
2556,F,65,S,High,Yes,Yes,No,No,Web Payment,Insure-Risk Terms
6815,F,46,M,High,Yes,Yes,No,No,Bank Transfer,Insure-Risk Terms
7062,M,64,M,High,Yes,Yes,No,No,Monthly Billing,Insure-Risk Terms
3032,M,42,M,High,Yes,No,No,No,Bank Transfer,Insure-High Premium
4254,F,55,M,Moderate,Yes,No,No,No,Monthly Billing,Insure-Best Terms
1587,M,55,M,Moderate,No,Yes,No,Yes,Monthly Billing,Insure-Risk Terms
7606,F,24,S,Moderate,Yes,No,No,Yes,Web Payment,Insure-High Premium
1773,F,56,S,Moderate,Yes,Yes,No,No,Bank Transfer,Insure-Best Terms
3727,F,37,M,High,Yes,Yes,No,No,Bank Transfer,Insure-Risk Terms
9726,F,39,M,High,Yes,No,No,No,Web Payment,Insure-High Premium
6560,M,34,S,Low,Yes,No,No,No,Web Payment,Insure-Best Terms
9024,F,50,M,Moderate,Yes,Yes,No,Yes,Web Payment,Insure-Risk Terms
9646,F,56,M,High,Yes,Yes,No,No,Web Payment,Insure-High Premium
6810,F,27,S,High,Yes,Yes,No,Yes,Monthly Billing,Do Not Insure
8649,M,25,S,Moderate,No,No,No,No,Bank Transfer,Insure-Risk Terms
9825,F,40,M,Moderate,Yes,No,No,No,Credit Card,Insure-Best Terms
6327,M,40,S,High,Yes,No,No,No,Bank Transfer,Insure-High Premium
1550,M,48,M,Moderate,Yes,No,No,No,Monthly Billing,Insure-Best Terms
2314,M,30,M,Moderate,Yes,No,No,No,Credit Card,Insure-Best Terms
7612,F,41,M,Moderate,Yes,No,No,Yes,Web Payment,Insure-High Premium
1164,M,29,S,Moderate,Yes,Yes,No,No,Monthly Billing,Insure-Risk Terms
7595,M,28,S,High,Yes,No,No,No,Credit Card,Insure-Risk Terms
5671,F,57,M,High,Yes,No,No,Yes,Bank Transfer,Insure-High Premium
8332,F,21,S,Low,Yes,Yes,No,Yes,Bank Transfer,Insure-Risk Terms
5953,F,56,M,Moderate,Yes,No,No,Yes,Bank Transfer,Insure-Best Terms
4443,M,27,M,Low,Yes,Yes,No,Yes,Bank Transfer,Insure-Best Terms
3732,M,30,M,Moderate,Yes,No,Yes,Yes,Bank Transfer,Insure-Risk Terms
6715,M,34,S,Moderate,Yes,No,Yes,No,Web Payment,Insure-Risk Terms
2490,F,38,M,Moderate,Yes,No,No,No,Monthly Billing,Insure-Risk Terms
2955,F,17,M,Moderate,Yes,No,No,No,Bank Transfer,Insure-Best Terms
6040,F,23,S,High,Yes,No,No,Yes,Bank Transfer,Do Not Insure
2884,F,43,M,High,Yes,Yes,Yes,Yes,Monthly Billing,Do Not Insure
1763,F,47,M,High,Yes,Yes,No,No,Monthly Billing,Insure-High Premium
6669,F,36,M,High,Yes,No,No,No,Web Payment,Insure-High Premium
3325,M,32,S,Moderate,Yes,Yes,No,Yes,Web Payment,Insure-High Premium
8964,M,31,S,High,Yes,No,No,Yes,Bank Transfer,Do Not Insure
9434,F,31,S,Moderate,Yes,No,Yes,Yes,Bank Transfer,Insure-Risk Terms
5301,M,35,M,High,Yes,Yes,No,No,Web Payment,Insure-High Premium
7310,F,25,M,High,Yes,Yes,No,No,Credit Card,Insure-High Premium
3387,M,38,M,High,No,No,No,No,Web Payment,Insure-Risk Terms
7036,M,29,S,High,Yes,No,No,No,Web Payment,Insure-Risk Terms
6338,M,40,M,High,No,Yes,No,Yes,Monthly Billing,Do Not Insure
1410,M,27,M,Moderate,Yes,No,No,No,Web Payment,Insure-High Premium
4301,M,23,M,High,Yes,No,No,Yes,Credit Card,Do Not Insure
2956,F,28,S,High,Yes,Yes,No,No,Bank Transfer,Insure-High Premium
7673,F,31,M,Moderate,Yes,Yes,Yes,No,Credit Card,Insure-Best Terms
5243,F,34,S,High,Yes,No,No,No,Web Payment,Insure-High Premium
6877,F,53,S,High,Yes,No,No,No,Monthly Billing,Insure-Risk Terms
6871,F,27,M,Moderate,Yes,No,Yes,No,Bank Transfer,Insure-Best Terms
8343,F,45,M,High,Yes,Yes,Yes,No,Credit Card,Insure-Best Terms
2661,F,31,S,High,Yes,Yes,No,Yes,Bank Transfer,Do Not Insure
1314,M,17,S,Moderate,Yes,No,No,Yes,Web Payment,Do Not Insure
2848,F,50,S,High,Yes,Yes,No,Yes,Monthly Billing,Do Not Insure
1129,M,23,S,High,Yes,Yes,Yes,Yes,Monthly Billing,Do Not Insure
3211,M,28,S,High,Yes,Yes,No,Yes,Bank Transfer,Do Not Insure
1681,M,64,S,High,No,No,Yes,No,Web Payment,Insure-Risk Terms
5368,F,25,S,High,Yes,No,Yes,No,Bank Transfer,Insure-Risk Terms
7323,M,60,M,High,Yes,Yes,No,No,Bank Transfer,Insure-Risk Terms
7039,M,52,M,High,Yes,No,No,No,Credit Card,Insure-Risk Terms
4715,M,21,S,High,Yes,No,No,Yes,Credit Card,Do Not Insure
7730,M,41,S,High,Yes,Yes,No,Yes,Monthly Billing,Do Not Insure
8559,M,24,M,High,Yes,Yes,No,Yes,Web Payment,Do Not Insure
3532,M,26,S,Moderate,Yes,No,No,No,Web Payment,Insure-Risk Terms
8475,M,58,M,Moderate,Yes,No,No,Yes,Web Payment,Insure-Risk Terms
9204,M,21,S,High,Yes,Yes,No,No,Web Payment,Insure-High Premium
1737,M,39,M,High,Yes,Yes,No,No,Bank Transfer,Insure-Risk Terms
5435,M,33,S,High,Yes,No,No,No,Bank Transfer,Insure-High Premium
2255,F,48,M,High,Yes,No,No,Yes,Web Payment,Do Not Insure
8159,M,59,M,High,Yes,Yes,Yes,No,Bank Transfer,Insure-Risk Terms
7507,F,45,M,Moderate,Yes,Yes,No,Yes,Monthly Billing,Insure-Risk Terms
4634,M,41,S,High,Yes,No,No,Yes,Web Payment,Do Not Insure
8140,M,48,S,High,Yes,Yes,No,Yes,Monthly Billing,Do Not Insure
4854,M,21,M,High,Yes,No,No,No,Credit Card,Insure-High Premium
9726,F,19,S,Moderate,Yes,Yes,Yes,Yes,Bank Transfer,Insure-High Premium
3834,F,62,S,Moderate,No,Yes,No,Yes,Web Payment,Insure-Risk Terms
8860,M,61,S,High,Yes,Yes,Yes,No,Web Payment,Insure-Risk Terms
5568,F,44,M,High,Yes,No,No,Yes,Web Payment,Do Not Insure
2966,M,25,M,High,Yes,No,Yes,No,Monthly Billing,Insure-High Premium
4629,M,33,M,Moderate,Yes,Yes,No,No,Web Payment,Insure-Best Terms
9220,F,52,M,Moderate,Yes,Yes,No,Yes,Bank Transfer,Insure-Risk Terms
6525,F,48,M,High,Yes,No,No,No,Bank Transfer,Insure-Risk Terms
4145,M,43,M,Moderate,Yes,Yes,No,Yes,Web Payment,Insure-High Premium
4614,M,24,M,High,No,No,Yes,Yes,Credit Card,Do Not Insure
3581,M,55,M,Moderate,Yes,Yes,Yes,Yes,Bank Transfer,Insure-Best Terms
8010,F,59,M,High,Yes,Yes,No,No,Bank Transfer,Insure-Best Terms
4639,M,22,M,High,Yes,No,No,No,Bank Transfer,Insure-Risk Terms
8324,M,19,M,High,Yes,No,No,Yes,Web Payment,Do Not Insure
4616,F,38,M,High,Yes,Yes,No,Yes,Bank Transfer,Do Not Insure
7273,F,29,S,High,Yes,No,No,Yes,Monthly Billing,Do Not Insure
7573,M,23,S,High,Yes,No,No,No,Web Payment,Insure-Risk Terms
8991,M,60,S,Moderate,Yes,No,Yes,Yes,Credit Card,Insure-Best Terms
5205,M,51,S,High,Yes,Yes,No,No,Monthly Billing,Insure-Risk Terms
3814,F,59,M,High,Yes,No,No,No,Web Payment,Insure-Risk Terms
8232,M,31,S,Low,Yes,No,Yes,Yes,Credit Card,Insure-Best Terms
2987,F,50,M,High,Yes,No,No,Yes,Bank Transfer,Do Not Insure
9288,F,35,M,High,Yes,Yes,No,No,Web Payment,Insure-High Premium
3022,M,22,M,Low,No,No,No,Yes,Web Payment,Insure-High Premium
3733,F,28,S,High,Yes,No,No,Yes,Monthly Billing,Do Not Insure
9981,M,19,S,High,Yes,Yes,Yes,Yes,Bank Transfer,Do Not Insure
1709,M,41,S,High,No,Yes,Yes,Yes,Monthly Billing,Do Not Insure
5938,M,21,M,High,Yes,Yes,No,Yes,Credit Card,Do Not Insure
8331,M,21,M,High,Yes,No,No,Yes,Web Payment,Do Not Insure
7631,F,47,S,Low,Yes,Yes,Yes,Yes,Bank Transfer,Insure-Best Terms
1159,F,26,M,Low,Yes,No,No,Yes,Web Payment,Insure-Risk Terms
7918,F,25,M,Low,Yes,No,No,Yes,Monthly Billing,Insure-Risk Terms
8437,M,51,M,High,Yes,No,No,Yes,Bank Transfer,Do Not Insure
8180,M,26,M,High,Yes,Yes,No,No,Web Payment,Insure-High Premium
4148,M,62,M,High,Yes,Yes,Yes,Yes,Web Payment,Insure-High Premium
4438,F,19,S,High,Yes,Yes,No,Yes,Web Payment,Do Not Insure
7065,M,48,M,High,Yes,Yes,No,No,Monthly Billing,Insure-High Premium
9723,M,63,S,High,Yes,No,No,No,Bank Transfer,Insure-Risk Terms
9939,M,22,S,High,Yes,No,Yes,Yes,Bank Transfer,Do Not Insure
1210,F,32,S,High,Yes,No,No,Yes,Bank Transfer,Do Not Insure
8591,M,34,S,Moderate,Yes,Yes,Yes,Yes,Monthly Billing,Insure-High Premium
3384,F,61,S,Moderate,Yes,Yes,Yes,Yes,Web Payment,Insure-Risk Terms
6117,M,62,M,High,Yes,Yes,No,Yes,Monthly Billing,Insure-High Premium
7683,F,40,M,High,Yes,Yes,No,No,Web Payment,Insure-Risk Terms
5759,M,25,M,High,Yes,Yes,No,No,Credit Card,Insure-High Premium
6260,F,39,S,Low,Yes,No,No,Yes,Monthly Billing,Insure-Risk Terms
4921,M,45,M,High,Yes,No,Yes,Yes,Bank Transfer,Do Not Insure
3736,M,56,S,High,Yes,Yes,Yes,Yes,Credit Card,Do Not Insure
9458,F,56,S,High,No,Yes,Yes,No,Web Payment,Insure-Risk Terms
1779,M,36,S,High,No,No,No,Yes,Bank Transfer,Do Not Insure
4633,F,20,S,Low,Yes,Yes,Yes,Yes,Web Payment,Insure-High Premium
8916,M,28,S,Moderate,No,No,No,No,Monthly Billing,Insure-Risk Terms
2542,F,63,M,High,Yes,No,No,Yes,Credit Card,Insure-High Premium
3530,M,31,M,High,Yes,No,Yes,No,Monthly Billing,Insure-Risk Terms
5465,F,49,M,Moderate,Yes,Yes,No,Yes,Web Payment,Insure-Risk Terms
7465,M,27,M,High,Yes,No,No,Yes,Bank Transfer,Do Not Insure
7371,M,57,M,Moderate,Yes,No,No,No,Web Payment,Insure-Best Terms
6377,M,63,S,Moderate,Yes,Yes,No,Yes,Bank Transfer,Insure-Risk Terms
7915,F,57,M,High,Yes,Yes,No,No,Credit Card,Insure-High Premium
8580,F,53,M,High,Yes,Yes,Yes,Yes,Bank Transfer,Do Not Insure
2769,F,30,S,High,Yes,Yes,Yes,Yes,Web Payment,Do Not Insure
8545,M,58,M,High,No,No,No,No,Bank Transfer,Insure-High Premium
9598,M,16,M,Moderate,Yes,Yes,No,No,Bank Transfer,Insure-High Premium
9096,M,65,M,High,Yes,No,No,Yes,Web Payment,Insure-High Premium
7264,M,31,M,Low,Yes,No,No,Yes,Web Payment,Insure-Risk Terms
4824,M,52,S,High,Yes,No,Yes,Yes,Bank Transfer,Do Not Insure
1743,M,22,M,High,Yes,Yes,No,Yes,Web Payment,Do Not Insure
6546,M,37,M,High,Yes,No,No,No,Bank Transfer,Insure-Risk Terms
6865,F,17,M,High,Yes,No,No,Yes,Bank Transfer,Do Not Insure
2308,M,65,M,High,Yes,No,No,No,Bank Transfer,Insure-Risk Terms
1302,M,65,M,High,Yes,No,No,No,Bank Transfer,Insure-Best Terms
8989,F,44,M,High,Yes,Yes,No,No,Bank Transfer,Insure-Risk Terms
6016,M,33,S,High,No,No,No,No,Web Payment,Insure-Risk Terms
3616,M,52,S,High,Yes,No,No,No,Credit Card,Insure-High Premium
9673,M,55,S,High,Yes,No,No,No,Bank Transfer,Insure-Risk Terms
2488,F,46,S,High,Yes,Yes,No,No,Monthly Billing,Insure-Risk Terms
1890,F,25,S,Moderate,Yes,Yes,No,No,Bank Transfer,Insure-Best Terms
2968,M,44,S,Low,Yes,Yes,No,Yes,Credit Card,Insure-Best Terms
2840,F,45,S,High,Yes,No,No,Yes,Bank Transfer,Do Not Insure
5882,F,60,M,Moderate,Yes,No,Yes,No,Credit Card,Insure-Best Terms
7123,F,29,M,High,Yes,Yes,No,Yes,Monthly Billing,Do Not Insure
4981,M,20,M,Moderate,Yes,No,No,Yes,Bank Transfer,Insure-High Premium
2525,M,30,S,Low,Yes,No,No,Yes,Credit Card,Insure-Risk Terms
6530,F,37,M,Moderate,Yes,No,Yes,No,Bank Transfer,Insure-Risk Terms
5711,M,23,M,Moderate,Yes,No,No,Yes,Credit Card,Insure-High Premium
2966,F,47,M,High,Yes,Yes,No,No,Bank Transfer,Insure-High Premium
1070,M,49,M,High,No,Yes,No,Yes,Monthly Billing,Do Not Insure
4148,M,20,M,High,Yes,No,Yes,Yes,Credit Card,Do Not Insure
8123,F,51,S,High,Yes,No,No,Yes,Bank Transfer,Do Not Insure
9559,M,30,S,High,Yes,No,No,No,Monthly Billing,Insure-High Premium
5880,F,55,M,High,Yes,No,No,No,Monthly Billing,Insure-High Premium
6637,M,22,M,Low,Yes,Yes,No,Yes,Web Payment,Insure-High Premium
4382,M,40,S,High,Yes,Yes,No,Yes,Bank Transfer,Do Not Insure
8250,F,46,S,High,Yes,Yes,No,No,Bank Transfer,Insure-Risk Terms
5898,F,56,M,High,Yes,Yes,No,Yes,Web Payment,Do Not Insure
5857,M,48,M,Moderate,Yes,Yes,Yes,Yes,Web Payment,Insure-Risk Terms
9764,F,38,M,High,Yes,No,No,Yes,Monthly Billing,Do Not Insure
8493,M,16,M,High,Yes,No,No,No,Monthly Billing,Insure-High Premium
9781,M,45,S,High,Yes,No,No,No,Monthly Billing,Insure-Risk Terms
4943,F,18,S,High,Yes,No,No,No,Bank Transfer,Insure-Risk Terms
4526,F,18,S,Low,Yes,Yes,No,No,Monthly Billing,Insure-Best Terms
8062,M,62,M,Moderate,No,No,No,Yes,Web Payment,Insure-Risk Terms
6775,M,21,S,Moderate,Yes,Yes,No,Yes,Web Payment,Insure-High Premium
7324,M,62,M,High,Yes,No,No,Yes,Bank Transfer,Insure-High Premium
6049,F,25,M,Low,Yes,Yes,No,No,Monthly Billing,Insure-Best Terms
8283,M,41,S,High,Yes,No,No,Yes,Credit Card,Do Not Insure
3565,M,59,S,High,Yes,Yes,No,No,Web Payment,Insure-Risk Terms
2270,F,28,M,Low,Yes,No,No,Yes,Bank Transfer,Insure-Risk Terms
4896,F,37,M,High,Yes,Yes,No,No,Web Payment,Insure-High Premium
4620,F,50,S,Moderate,Yes,No,Yes,No,Credit Card,Insure-Best Terms
1845,M,31,S,Low,Yes,Yes,No,No,Web Payment,Insure-Best Terms
5999,M,41,M,Moderate,Yes,No,No,Yes,Credit Card,Insure-High Premium
9287,M,47,M,High,Yes,Yes,No,No,Web Payment,Insure-Risk Terms
7571,F,54,M,Low,Yes,No,No,Yes,Web Payment,Insure-Best Terms
3586,M,46,S,High,Yes,Yes,Yes,Yes,Web Payment,Do Not Insure
5938,M,62,S,High,Yes,No,No,Yes,Bank Transfer,Insure-High Premium
1690,M,61,S,Moderate,Yes,No,No,Yes,Bank Transfer,Insure-Risk Terms
5446,F,53,M,High,No,Yes,No,No,Bank Transfer,Insure-Risk Terms
4532,F,35,M,High,Yes,Yes,No,No,Web Payment,Insure-High Premium
7674,F,36,M,High,Yes,No,No,No,Web Payment,Insure-High Premium
4866,F,45,M,Moderate,Yes,Yes,Yes,No,Monthly Billing,Insure-Best Terms
1367,F,41,M,High,Yes,No,No,No,Credit Card,Insure-High Premium
1881,F,36,S,Low,Yes,Yes,Yes,Yes,Web Payment,Insure-Risk Terms
9440,F,35,S,High,Yes,No,No,No,Web Payment,Insure-High Premium
1045,F,45,M,High,Yes,Yes,No,No,Web Payment,Insure-Risk Terms
6033,M,49,S,Moderate,Yes,No,No,No,Credit Card,Insure-Best Terms
1297,F,59,S,High,Yes,No,No,No,Web Payment,Insure-High Premium
6536,M,47,M,Low,Yes,Yes,No,Yes,Bank Transfer,Insure-Best Terms
9051,M,63,M,Moderate,Yes,No,No,Yes,Bank Transfer,Insure-Risk Terms
6581,F,43,M,High,Yes,Yes,No,Yes,Monthly Billing,Do Not Insure
6452,F,38,M,High,Yes,No,Yes,Yes,Web Payment,Do Not Insure
9397,M,27,M,High,Yes,No,Yes,Yes,Credit Card,Do Not Insure
4635,F,56,M,Moderate,Yes,No,No,Yes,Web Payment,Insure-Risk Terms
1689,M,18,M,High,Yes,No,No,Yes,Bank Transfer,Do Not Insure
2421,F,61,M,High,Yes,No,No,No,Web Payment,Insure-Best Terms
1906,F,59,M,High,Yes,Yes,No,No,Credit Card,Insure-Risk Terms
5177,M,28,M,High,Yes,No,No,Yes,Bank Transfer,Do Not Insure
3479,M,66,S,High,Yes,Yes,No,Yes,Bank Transfer,Insure-High Premium
4304,M,42,S,Moderate,Yes,No,No,Yes,Bank Transfer,Insure-High Premium
5997,F,18,M,High,Yes,No,No,No,Credit Card,Do Not Insure
3280,M,38,S,High,Yes,No,No,No,Bank Transfer,Insure-High Premium
1341,F,60,M,High,Yes,Yes,No,Yes,Web Payment,Insure-High Premium
1850,M,23,M,High,Yes,Yes,No,Yes,Credit Card,Do Not Insure
6053,F,31,M,Low,Yes,Yes,Yes,No,Web Payment,Insure-Best Terms
3309,M,20,M,High,Yes,Yes,Yes,No,Bank Transfer,Insure-Risk Terms
9745,M,41,M,Moderate,No,Yes,No,No,Monthly Billing,Insure-Risk Terms
1620,F,18,M,High,Yes,Yes,No,Yes,Monthly Billing,Do Not Insure
5408,M,21,M,Low,Yes,Yes,Yes,Yes,Credit Card,Insure-High Premium
2569,F,42,S,High,Yes,No,No,Yes,Web Payment,Do Not Insure
3982,M,63,S,High,Yes,Yes,No,No,Bank Transfer,Insure-Risk Terms
5599,F,25,S,High,Yes,Yes,No,No,Bank Transfer,Insure-High Premium
8336,M,35,M,High,Yes,Yes,No,No,Monthly Billing,Insure-Risk Terms
5219,F,49,S,Moderate,Yes,Yes,Yes,No,Monthly Billing,Insure-Best Terms
8476,M,62,M,High,Yes,Yes,Yes,Yes,Monthly Billing,Insure-High Premium
3965,M,40,M,High,Yes,Yes,Yes,No,Web Payment,Insure-High Premium
5970,M,26,M,High,Yes,No,No,Yes,Web Payment,Do Not Insure
5744,M,59,M,High,Yes,No,Yes,No,Credit Card,Insure-Risk Terms
9764,F,43,M,Moderate,No,Yes,No,Yes,Web Payment,Insure-High Premium
3347,F,42,M,High,Yes,Yes,No,Yes,Credit Card,Do Not Insure
8755,M,25,M,Low,Yes,No,No,No,Web Payment,Insure-Best Terms
3863,F,46,S,Moderate,Yes,No,No,No,Bank Transfer,Insure-Risk Terms
8360,F,48,M,High,Yes,No,No,Yes,Bank Transfer,Do Not Insure
7230,F,44,M,High,Yes,No,No,Yes,Web Payment,Do Not Insure
4063,F,61,M,High,Yes,No,No,Yes,Web Payment,Insure-High Premium
5802,M,53,S,Moderate,Yes,No,No,No,Web Payment,Insure-Best Terms
6223,M,30,M,High,Yes,Yes,Yes,No,Bank Transfer,Insure-High Premium
4505,F,65,M,Moderate,Yes,Yes,No,Yes,Credit Card,Insure-Risk Terms
4490,M,24,M,Low,Yes,No,Yes,Yes,Web Payment,Insure-Risk Terms
1036,F,38,S,High,Yes,Yes,No,Yes,Credit Card,Do Not Insure
8834,M,29,M,High,Yes,Yes,No,Yes,Credit Card,Do Not Insure
7052,M,39,M,High,Yes,No,No,No,Bank Transfer,Insure-High Premium
7870,F,23,M,High,Yes,Yes,No,Yes,Bank Transfer,Do Not Insure
2876,M,41,M,High,Yes,No,No,No,Credit Card,Insure-High Premium
4972,M,56,S,High,No,Yes,No,No,Web Payment,Insure-High Premium
2080,F,48,S,Moderate,Yes,No,No,No,Monthly Billing,Insure-Best Terms
9516,M,27,S,High,Yes,No,No,No,Web Payment,Do Not Insure
4625,F,27,M,High,Yes,No,No,No,Credit Card,Insure-Risk Terms
2167,M,59,M,High,Yes,No,No,Yes,Credit Card,Insure-High Premium
5078,F,46,M,High,Yes,No,Yes,Yes,Web Payment,Do Not Insure
7871,M,30,M,High,Yes,Yes,No,No,Web Payment,Insure-High Premium
6931,M,24,M,High,Yes,Yes,No,Yes,Credit Card,Do Not Insure
9820,M,25,M,High,Yes,No,No,Yes,Web Payment,Do Not Insure
1815,F,20,M,Low,Yes,Yes,Yes,Yes,Web Payment,Insure-High Premium
5259,M,18,M,High,Yes,Yes,No,No,Bank Transfer,Do Not Insure
8693,F,35,S,High,Yes,Yes,No,No,Bank Transfer,Insure-Risk Terms
4847,M,25,S,Moderate,Yes,Yes,No,No,Web Payment,Insure-Best Terms
1701,M,50,M,Moderate,Yes,No,No,No,Monthly Billing,Insure-Best Terms
3453,M,39,M,High,Yes,Yes,No,Yes,Monthly Billing,Do Not Insure
5167,M,61,M,High,Yes,No,No,Yes,Web Payment,Insure-High Premium
9332,F,40,S,Low,Yes,No,No,Yes,Credit Card,Insure-Risk Terms
8322,F,54,M,High,Yes,Yes,No,Yes,Credit Card,Do Not Insure
8830,F,51,S,Moderate,Yes,Yes,No,No,Bank Transfer,Insure-Risk Terms
8092,F,52,M,High,Yes,No,No,Yes,Web Payment,Do Not Insure
3081,F,62,S,High,Yes,No,Yes,Yes,Web Payment,Insure-High Premium
8451,M,47,S,High,Yes,Yes,No,Yes,Bank Transfer,Do Not Insure
3255,F,50,M,Low,Yes,No,Yes,Yes,Monthly Billing,Insure-Best Terms
9478,M,29,S,High,Yes,Yes,No,Yes,Web Payment,Insure-Risk Terms
9111,F,48,S,High,Yes,Yes,No,Yes,Bank Transfer,Insure-Risk Terms
3807,F,34,S,High,Yes,No,Yes,No,Monthly Billing,Do Not Insure
5550,M,17,S,Moderate,Yes,Yes,Yes,No,Credit Card,Insure-High Premium
7905,F,29,S,Moderate,Yes,No,Yes,Yes,Bank Transfer,Insure-Risk Terms
8395,M,18,S,High,Yes,Yes,No,No,Bank Transfer,Do Not Insure
2609,F,32,M,Moderate,Yes,No,Yes,Yes,Bank Transfer,Insure-Best Terms
8760,M,39,S,High,Yes,No,No,Yes,Web Payment,Insure-High Premium
7101,M,49,M,High,Yes,Yes,No,Yes,Monthly Billing,Insure-Best Terms
2301,F,29,S,High,Yes,Yes,No,Yes,Web Payment,Insure-Risk Terms
7526,M,47,M,Moderate,Yes,No,No,Yes,Bank Transfer,Do Not Insure
7695,M,32,M,High,Yes,Yes,Yes,No,Credit Card,Insure-Best Terms
7258,F,53,S,High,Yes,Yes,No,Yes,Web Payment,Insure-Best Terms
3454,M,48,S,Moderate,Yes,Yes,No,No,Web Payment,Do Not Insure
7352,M,19,M,High,Yes,No,No,No,Web Payment,Insure-Risk Terms
5397,F,42,M,High,Yes,Yes,No,Yes,Bank Transfer,Insure-Risk Terms
2556,F,56,M,High,Yes,No,No,Yes,Bank Transfer,Insure-High Premium
3741,M,54,M,High,Yes,Yes,No,No,Web Payment,Do Not Insure
8884,M,28,S,Moderate,Yes,No,No,Yes,Credit Card,Insure-Risk Terms
9870,F,21,M,Moderate,Yes,No,No,Yes,Monthly Billing,Insure-High Premium
3429,M,53,S,High,Yes,Yes,No,Yes,Web Payment,Do Not Insure
9130,F,19,M,High,Yes,Yes,No,Yes,Web Payment,Do Not Insure
8860,F,31,M,High,Yes,No,No,Yes,Bank Transfer,Do Not Insure
5016,F,18,M,Moderate,Yes,Yes,Yes,Yes,Web Payment,Insure-Best Terms
6950,F,33,S,High,Yes,No,No,No,Bank Transfer,Insure-Risk Terms
7565,M,48,S,High,Yes,Yes,No,No,Bank Transfer,Insure-Risk Terms
4686,M,48,M,High,Yes,Yes,No,No,Web Payment,Do Not Insure
8122,F,54,M,High,Yes,Yes,No,No,Bank Transfer,Insure-Risk Terms
9455,M,37,S,Moderate,Yes,No,No,Yes,Web Payment,Insure-Risk Terms
4625,M,25,S,High,Yes,Yes,No,Yes,Bank Transfer,Insure-High Premium
2524,F,21,M,High,Yes,No,No,Yes,Web Payment,Insure-High Premium
8508,M,18,M,High,Yes,Yes,Yes,Yes,Bank Transfer,Insure-High Premium
8191,M,16,M,Moderate,Yes,No,No,Yes,Bank Transfer,Do Not Insure
7415,M,59,M,Moderate,Yes,Yes,No,Yes,Web Payment,Insure-Best Terms
3721,M,39,S,High,Yes,No,No,No,Bank Transfer,Insure-High Premium
8486,M,53,M,Moderate,Yes,Yes,No,Yes,Bank Transfer,Do Not Insure
4314,F,36,S,Moderate,Yes,No,No,Yes,Bank Transfer,Insure-Best Terms
4388,M,36,S,High,Yes,Yes,No,No,Web Payment,Do Not Insure
1167,M,36,S,Low,Yes,Yes,Yes,Yes,Web Payment,Insure-Risk Terms
2887,M,25,S,High,Yes,No,No,No,Bank Transfer,Do Not Insure
9926,M,39,S,High,Yes,No,No,No,Web Payment,Insure-High Premium
1225,F,36,S,High,Yes,Yes,No,No,Monthly Billing,Do Not Insure
8372,M,52,M,High,Yes,No,No,No,Web Payment,Insure-Best Terms
8009,M,24,S,High,Yes,Yes,No,Yes,Web Payment,Do Not Insure
9321,M,18,M,High,Yes,Yes,No,Yes,Credit Card,Insure-Risk Terms
7041,M,60,S,High,Yes,Yes,No,Yes,Bank Transfer,Do Not Insure
1595,F,46,S,Low,Yes,Yes,No,Yes,Web Payment,Do Not Insure
9768,F,21,M,Low,Yes,Yes,Yes,Yes,Monthly Billing,Insure-Risk Terms
4299,F,61,S,High,Yes,Yes,Yes,Yes,Credit Card,Do Not Insure
4757,M,42,M,High,Yes,No,No,No,Bank Transfer,Insure-Risk Terms
1643,M,31,S,Moderate,Yes,Yes,No,No,Web Payment,Insure-Risk Terms
6625,F,18,S,High,Yes,Yes,No,No,Web Payment,Insure-Risk Terms
6711,F,38,S,High,Yes,Yes,No,Yes,Monthly Billing,Insure-Risk Terms
2310,F,18,M,Low,No,No,Yes,No,Web Payment,Do Not Insure
7793,M,41,S,High,Yes,No,No,Yes,Bank Transfer,Insure-High Premium
1003,F,32,S,High,Yes,Yes,Yes,Yes,Web Payment,Insure-High Premium
3736,F,30,S,High,Yes,No,No,Yes,Credit Card,Insure-High Premium
8773,M,20,M,High,Yes,Yes,No,Yes,Web Payment,Insure-Best Terms
9515,F,22,M,High,Yes,No,No,No,Monthly Billing,Insure-Risk Terms
9024,M,36,M,Moderate,Yes,Yes,No,Yes,Credit Card,Insure-Risk Terms
8245,M,36,M,High,Yes,No,No,No,Monthly Billing,Insure-Risk Terms
7054,M,65,M,High,Yes,No,No,No,Web Payment,Insure-Risk Terms
7790,F,54,M,High,Yes,Yes,No,Yes,Monthly Billing,Do Not Insure
8466,M,41,S,High,Yes,Yes,Yes,No,Bank Transfer,Insure-Risk Terms
1202,M,39,M,Low,Yes,No,Yes,No,Web Payment,Insure-High Premium
9076,F,49,S,High,Yes,No,No,Yes,Web Payment,Insure-High Premium
2273,M,38,M,Moderate,Yes,No,No,No,Web Payment,Insure-Risk Terms
2749,M,34,M,Low,Yes,No,No,Yes,Bank Transfer,Insure-Risk Terms
9262,F,44,S,Moderate,Yes,No,No,No,Bank Transfer,Insure-Risk Terms
3381,M,25,M,Low,Yes,Yes,No,Yes,Web Payment,Do Not Insure
9777,M,37,S,High,Yes,Yes,No,Yes,Credit Card,Insure-High Premium
1883,M,50,S,High,Yes,No,No,No,Bank Transfer,Do Not Insure
2918,M,31,M,High,Yes,No,No,Yes,Web Payment,Insure-High Premium
4454,F,42,M,Moderate,Yes,No,No,No,Web Payment,Insure-High Premium
4211,F,19,M,Low,No,No,Yes,No,Web Payment,Insure-High Premium
3109,F,32,S,High,Yes,No,Yes,No,Bank Transfer,Do Not Insure
3672,M,66,M,High,Yes,Yes,No,Yes,Credit Card,Insure-High Premium
6156,F,33,M,High,Yes,Yes,No,Yes,Bank Transfer,Insure-Risk Terms
7674,F,37,M,Moderate,Yes,No,No,No,Bank Transfer,Do Not Insure
9416,F,20,M,Moderate,No,No,No,Yes,Bank Transfer,Insure-High Premium
1985,M,21,M,High,Yes,No,No,Yes,Monthly Billing,Insure-Best Terms
9509,M,35,S,Moderate,Yes,Yes,Yes,No,Credit Card,Insure-Risk Terms
3818,M,38,M,Moderate,Yes,Yes,Yes,Yes,Credit Card,Do Not Insure
2544,F,36,S,High,Yes,No,Yes,Yes,Bank Transfer,Insure-Risk Terms
7823,M,56,M,Moderate,Yes,No,No,Yes,Web Payment,Insure-High Premium
3342,F,47,S,Moderate,Yes,No,Yes,Yes,Web Payment,Insure-Risk Terms
4653,F,53,S,High,Yes,Yes,No,Yes,Web Payment,Insure-Risk Terms
8587,F,33,M,Moderate,No,No,No,Yes,Credit Card,Do Not Insure
6016,F,26,S,High,Yes,Yes,No,Yes,Web Payment,Insure-High Premium
8470,F,60,M,Moderate,Yes,No,No,Yes,Credit Card,Insure-Risk Terms
7522,F,34,M,High,Yes,No,No,Yes,Bank Transfer,Do Not Insure
3757,M,38,S,Moderate,Yes,Yes,No,Yes,Web Payment,Insure-Best Terms
6838,F,35,S,High,Yes,No,Yes,No,Credit Card,Insure-Best Terms
4771,F,29,S,High,Yes,Yes,No,No,Credit Card,Insure-Risk Terms
3316,F,29,M,High,Yes,Yes,No,No,Web Payment,Insure-High Premium
6172,M,60,M,High,Yes,Yes,Yes,Yes,Monthly Billing,Do Not Insure
3529,F,48,S,Moderate,Yes,No,No,Yes,Web Payment,Insure-Best Terms
1828,M,63,M,Moderate,Yes,No,No,No,Web Payment,Insure-Risk Terms
6554,M,58,M,Moderate,Yes,Yes,No,Yes,Bank Transfer,Insure-High Premium
1298,M,28,M,High,Yes,Yes,No,No,Web Payment,Insure-Risk Terms
9049,M,41,M,High,Yes,No,No,Yes,Web Payment,Insure-High Premium
1756,M,17,S,Moderate,Yes,No,No,No,Credit Card,Insure-High Premium
5309,M,26,S,High,Yes,Yes,No,No,Bank Transfer,Insure-High Premium
5592,F,26,S,Moderate,Yes,Yes,Yes,No,Web Payment,Insure-Risk Terms
8530,M,61,S,High,Yes,No,No,Yes,Bank Transfer,Insure-Best Terms
9547,M,25,S,Moderate,Yes,No,No,No,Bank Transfer,Insure-Best Terms
5064,F,65,S,High,Yes,Yes,No,No,Web Payment,Insure-Risk Terms
2669,F,46,M,High,Yes,Yes,No,No,Bank Transfer,Insure-High Premium
4304,M,64,M,High,Yes,Yes,No,No,Monthly Billing,Insure-High Premium
5965,M,42,M,High,Yes,No,No,No,Bank Transfer,Insure-High Premium
3204,F,55,M,Moderate,Yes,No,No,No,Monthly Billing,Insure-High Premium
7229,M,55,M,Moderate,No,Yes,No,Yes,Monthly Billing,Insure-High Premium
9711,F,24,S,Moderate,Yes,No,No,Yes,Web Payment,Insure-Best Terms
3291,F,56,S,Moderate,Yes,Yes,No,No,Bank Transfer,Insure-High Premium
2088,F,37,M,High,Yes,Yes,No,No,Bank Transfer,Insure-High Premium
4632,F,39,M,High,Yes,No,No,No,Web Payment,Insure-High Premium
8450,M,34,S,Low,Yes,No,No,No,Web Payment,Do Not Insure
2048,F,50,M,Moderate,Yes,Yes,No,Yes,Web Payment,Insure-Risk Terms
9630,F,56,M,High,Yes,Yes,No,No,Web Payment,Insure-High Premium
9982,F,27,S,High,Yes,Yes,No,Yes,Monthly Billing,Insure-Risk Terms
2542,M,25,S,Moderate,No,No,No,No,Bank Transfer,Insure-High Premium
